"CPLE6","CYRE3","ECOR3","ELET6","ENBR3","GOAU4","MRFG3","MRVE3","TAEE11","USIM5"
0.0216116903997907,0.0207968112075536,0.0228859850338769,0.0378488601182798,0.0150435118212062,0.0294626477447663,0.0213366758706633,0.0176106038498947,0.0136949816661827,0.0323647306904794
