"CPLE6","CYRE3","ECOR3","ELET6","ENBR3","GOAU4","MRFG3","MRVE3","TAEE11","USIM5"
0.0200518262065913,0.0200180191501932,0.0220798925616791,0.0397800396237921,0.0200656118919059,0.0258461437294399,0.0265993980962455,0.0181228665147421,0.0136277322564817,0.0322891794395819
