"CPLE6","CYRE3","ECOR3","ELET6","ENBR3","GOAU4","MRFG3","MRVE3","TAEE11","USIM5"
0.0195642278130362,0.0207025150577948,0.0231858910149966,0.0364477294662277,0.0205559238175373,0.0260467131746915,0.0285774579088707,0.0185124616429518,0.0137145745150041,0.0339445899675285
