"CPLE6","CYRE3","ECOR3","ELET6","ENBR3","GOAU4","MRFG3","MRVE3","TAEE11","USIM5"
0.0240283375979843,0.0372042580271958,0.0325830588126746,0.0296100441840381,0.0177435874946225,0.0297445545184502,0.0260037201472007,0.0314497375221517,0.0131621177762463,0.036163983990462
