"CPLE6","CYRE3","ECOR3","ELET6","ENBR3","GOAU4","MRFG3","MRVE3","TAEE11","USIM5"
0.0190221101349881,0.0259809157117498,0.0243569972478072,0.0241619738207339,0.0135696919714144,0.0234664144352144,0.0213824633139675,0.0238961201365006,0.0132035258331614,0.0288502424153599
