"CPLE6","CYRE3","ECOR3","ELET6","ENBR3","GOAU4","MRFG3","MRVE3","TAEE11","USIM5"
0.0329880732558776,0.0489237974423308,0.0421491581674599,0.0391517895547497,0.024634170046552,0.042018600603824,0.0450585377036788,0.0418479309056983,0.0150247800957491,0.0448768905302511
