"CPLE6","CYRE3","ECOR3","ELET6","ENBR3","GOAU4","MRFG3","MRVE3","TAEE11","USIM5"
0.0334279337334772,0.0499105196616476,0.0437337607836209,0.0395405168728155,0.0248685282631741,0.0426177777506551,0.044395149468591,0.0416723905272885,0.0153365720618091,0.0469508729863997
