"CPLE6","CYRE3","ECOR3","ELET6","ENBR3","GOAU4","MRFG3","MRVE3","TAEE11","USIM5"
0.0164667292876227,0.0297353732532823,0.0259673629693755,0.0222745824934957,0.0127414839431335,0.0229344031786492,0.0255456561186618,0.0294448189836176,0.0115372859814488,0.0309304417407538
