"CPLE6","CYRE3","ECOR3","ELET6","ENBR3","GOAU4","MRFG3","MRVE3","TAEE11","USIM5"
0.0217848882168282,0.0209516732907443,0.023468027770145,0.0383955792158415,0.0158053829616729,0.0290531673373676,0.0261750803777142,0.0173301903742359,0.0136475543975352,0.0319987724766156
