"CPLE6","CYRE3","ECOR3","ELET6","ENBR3","GOAU4","MRFG3","MRVE3","TAEE11","USIM5"
0.0241526709217652,0.0221943966312625,0.0230238562018965,0.0257543133997227,0.0144071777873355,0.0369078859717886,0.0216830152234595,0.018102393616982,0.0195308292111111,0.0421722575703828
