"CPLE6","CYRE3","ECOR3","ELET6","ENBR3","GOAU4","MRFG3","MRVE3","TAEE11","USIM5"
0.0303122207065251,0.0260403850274195,0.0274883035101568,0.0272493485777174,0.0174309814007855,0.0505414785584623,0.0217498686873327,0.0189137422898854,0.0214011598395053,0.0592991703388127
