"CPLE6","CYRE3","ECOR3","ELET6","ENBR3","GOAU4","MRFG3","MRVE3","TAEE11","USIM5"
0.021925301325774,0.0229283718390133,0.0238032815349228,0.0347586377860653,0.0179329334475196,0.0218041596547155,0.0267393795306632,0.0286522889119403,0.0137086364314728,0.029392495267594
