"CPLE6","CYRE3","ECOR3","ELET6","ENBR3","GOAU4","MRFG3","MRVE3","TAEE11","USIM5"
0.0214126488028046,0.0235027316915454,0.0256410706971945,0.0398771131731864,0.020900273238617,0.0250713290625326,0.0287609253489093,0.0209983531141749,0.0136852661035268,0.0317163372274767
