"CPLE6","CYRE3","ECOR3","ELET6","ENBR3","GOAU4","MRFG3","MRVE3","TAEE11","USIM5"
0.0172955685747165,0.0293105138974003,0.024098037516106,0.0219361735668253,0.0125166384699505,0.0207555969075854,0.0241983935789747,0.0252113271343352,0.0133994600456395,0.0302146456983579
