"CPLE6","CYRE3","ECOR3","ELET6","ENBR3","GOAU4","MRFG3","MRVE3","TAEE11","USIM5"
0.0205086434144986,0.0219289330847767,0.0212214805202277,0.0262444492683529,0.0173044124390921,0.0200694010381698,0.0252899718628259,0.029675367517561,0.01304841106524,0.0246729411361272
