"CPLE6","CYRE3","ECOR3","ELET6","ENBR3","GOAU4","MRFG3","MRVE3","TAEE11","USIM5"
0.0323721162586061,0.0470684456714259,0.0406300548012934,0.0379391123066638,0.0243953290269637,0.0414401124203858,0.0447263480510764,0.0421163838700148,0.0153374339358791,0.0436773733802955
