"CPLE6","CYRE3","ECOR3","ELET6","ENBR3","GOAU4","MRFG3","MRVE3","TAEE11","USIM5"
0.0230191162901304,0.0246106707288262,0.0250182457474192,0.0393898599209648,0.0218844713465844,0.0234363460362322,0.0266882925474002,0.0287595970333526,0.0143403033847674,0.0313973592766592
