"CPLE6","CYRE3","ECOR3","ELET6","ENBR3","GOAU4","MRFG3","MRVE3","TAEE11","USIM5"
0.0187650152669681,0.0222662816465112,0.0198521842994877,0.0226233900039249,0.0160954164404837,0.0210818909968492,0.0264139953136579,0.0254544886912625,0.0116018505539507,0.0247720332714238
