"CPLE6","CYRE3","ECOR3","ELET6","ENBR3","GOAU4","MRFG3","MRVE3","TAEE11","USIM5"
0.0329858007136049,0.048749990838978,0.0425195204697077,0.039129185999221,0.0246570188134764,0.0424065520605133,0.0450124122515757,0.0411931972340061,0.0149004352509823,0.0452627506252703
