"CPLE6","CYRE3","ECOR3","ELET6","ENBR3","GOAU4","MRFG3","MRVE3","TAEE11","USIM5"
0.0231730431085594,0.0226562883765823,0.0233949622667681,0.0354404105745307,0.0149743338133837,0.0324585374480307,0.0215609835914156,0.0181903045083648,0.0145187264928079,0.0334715160425668
