"CPLE6","CYRE3","ECOR3","ELET6","ENBR3","GOAU4","MRFG3","MRVE3","TAEE11","USIM5"
0.0184294782058659,0.0293880979463722,0.0245370170949586,0.024379152155695,0.0130442444495474,0.0222600833790038,0.0231204490448503,0.0249942075683556,0.0137062271582314,0.0314264492679835
