"CPLE6","CYRE3","ECOR3","ELET6","ENBR3","GOAU4","MRFG3","MRVE3","TAEE11","USIM5"
0.0250665351756679,0.0239050104813965,0.0244926316384796,0.0344889891657929,0.0151533542109878,0.0339884181372166,0.0221965830895599,0.0176705852808129,0.0149848506074277,0.0336500945550807
