"CPLE6","CYRE3","ECOR3","ELET6","ENBR3","GOAU4","MRFG3","MRVE3","TAEE11","USIM5"
0.0193312988987783,0.0281523491245915,0.025182134579621,0.0240572550043646,0.0132897667559213,0.0225871807670998,0.0206842036201232,0.024657745217216,0.0140568839767368,0.0316183422253412
