"CPLE6","CYRE3","ECOR3","ELET6","ENBR3","GOAU4","MRFG3","MRVE3","TAEE11","USIM5"
0.0194369818744987,0.0216474218538196,0.0203523145103425,0.0251684832457868,0.0164110149336394,0.0201993116194126,0.0262152340448419,0.0306338599006069,0.011898165357801,0.0232963860125594
