"CPLE6","CYRE3","ECOR3","ELET6","ENBR3","GOAU4","MRFG3","MRVE3","TAEE11","USIM5"
0.0251063676581239,0.0229678143176309,0.0240427475734392,0.0257374208015393,0.0141699028008651,0.0396371457985531,0.0210560481588986,0.0180768569906023,0.0198798436346496,0.0464619206911832
