"CPLE6","CYRE3","ECOR3","ELET6","ENBR3","GOAU4","MRFG3","MRVE3","TAEE11","USIM5"
0.0193496125676719,0.0233797768665911,0.0207070497522717,0.0228271177481481,0.0156060349289557,0.0235992850495431,0.0280938266913205,0.0264223896230629,0.0120477628457296,0.026406380891703
