"CPLE6","CYRE3","ECOR3","ELET6","ENBR3","GOAU4","MRFG3","MRVE3","TAEE11","USIM5"
0.0332993951991935,0.049338423872515,0.0429248318278065,0.0390630825611838,0.0246266875107322,0.0426517052411303,0.0452497716752866,0.0418082468465731,0.0146626613859625,0.0460773209973949
