"CPLE6","CYRE3","ECOR3","ELET6","ENBR3","GOAU4","MRFG3","MRVE3","TAEE11","USIM5"
0.0200008421721155,0.0207709755219118,0.0240118623149175,0.0369341914344092,0.0206601012022625,0.0256215713388765,0.0291319514492644,0.0188178382110653,0.0134728328642676,0.0324993460555181
