"CPLE6","CYRE3","ECOR3","ELET6","ENBR3","GOAU4","MRFG3","MRVE3","TAEE11","USIM5"
0.0192491220693157,0.027526068616715,0.0235622838205844,0.0233003315017722,0.0129267516657068,0.0230022582867727,0.0209505250168703,0.0240592544468064,0.0138269510619574,0.0313887156109334
