"CPLE6","CYRE3","ECOR3","ELET6","ENBR3","GOAU4","MRFG3","MRVE3","TAEE11","USIM5"
0.0252772172144873,0.0240527551635554,0.0246093199819299,0.0351283046961824,0.0157666661812159,0.0338531977897305,0.0222906876537486,0.0183277790488427,0.0149861552336069,0.0340571266753131
