"CPLE6","CYRE3","ECOR3","ELET6","ENBR3","GOAU4","MRFG3","MRVE3","TAEE11","USIM5"
0.0219417013249991,0.0227939570287225,0.0233667195603813,0.0322440230179509,0.017521785759764,0.0205153876913212,0.0263399542263568,0.0287673212211404,0.0134491172554969,0.0277215141069962
