"CPLE6","CYRE3","ECOR3","ELET6","ENBR3","GOAU4","MRFG3","MRVE3","TAEE11","USIM5"
0.0338212344968992,0.0502485044474991,0.0441695407249803,0.0410381722970171,0.0248913836624654,0.0417996404665122,0.0429140554836695,0.0415549484631259,0.0149390858440913,0.0465388244641115
