"CPLE6","CYRE3","ECOR3","ELET6","ENBR3","GOAU4","MRFG3","MRVE3","TAEE11","USIM5"
0.0320367840287802,0.0443001039524664,0.0389261346809976,0.0366707695225623,0.0239347563703077,0.0393897599303332,0.0443631079780607,0.0403469900245904,0.0154996394598265,0.0415905061638564
