"CPLE6","CYRE3","ECOR3","ELET6","ENBR3","GOAU4","MRFG3","MRVE3","TAEE11","USIM5"
0.0176604447722565,0.0296573302254889,0.0240372469462778,0.0234068389477759,0.0123528938358135,0.0210563258021429,0.0235439884767823,0.0251847708942234,0.0133983545517778,0.0307388196579569
