"CPLE6","CYRE3","ECOR3","ELET6","ENBR3","GOAU4","MRFG3","MRVE3","TAEE11","USIM5"
0.0304466280071736,0.041489801613793,0.0364225912264446,0.0352403386175091,0.0228738969613017,0.037253035206258,0.0438067201021619,0.0382593300600629,0.0149677487547137,0.0390820477464325
