"CPLE6","CYRE3","ECOR3","ELET6","ENBR3","GOAU4","MRFG3","MRVE3","TAEE11","USIM5"
0.0164327394211222,0.0299406160716039,0.0256939973703912,0.0223457472847915,0.0129366638198128,0.0219208102628428,0.0246849445990624,0.0288181928860906,0.0118113278000774,0.0299706792399363
