"CPLE6","CYRE3","ECOR3","ELET6","ENBR3","GOAU4","MRFG3","MRVE3","TAEE11","USIM5"
0.022157857651974,0.0208564117109365,0.0227795202188239,0.0371634129855647,0.0152922672796793,0.0305399326984295,0.0206250919686108,0.0179762801647409,0.0142848210751525,0.03325628064075
