"CPLE6","CYRE3","ECOR3","ELET6","ENBR3","GOAU4","MRFG3","MRVE3","TAEE11","USIM5"
0.0253545698790327,0.0240190087386111,0.0254827866129398,0.0276743845936656,0.0154671346725018,0.0372075845969367,0.0223694193516894,0.0173634084132894,0.0192582264069062,0.037296716893205
