"CPLE6","CYRE3","ECOR3","ELET6","ENBR3","GOAU4","MRFG3","MRVE3","TAEE11","USIM5"
0.0199216369721983,0.0271051134545847,0.0252052217525077,0.0262233880083313,0.0141299924725719,0.0235848092584201,0.0227255518004413,0.0246404816763217,0.0129808285526026,0.028969998870816
