"CPLE6","CYRE3","ECOR3","ELET6","ENBR3","GOAU4","MRFG3","MRVE3","TAEE11","USIM5"
0.0187975380780883,0.0286589951439913,0.0243290929338687,0.0244412331739108,0.0131442198996668,0.0223360473364634,0.0212582793107798,0.024374185431369,0.0137434135207292,0.0320634375381487
