"CPLE6","CYRE3","ECOR3","ELET6","ENBR3","GOAU4","MRFG3","MRVE3","TAEE11","USIM5"
0.0232093472236847,0.0246351593097678,0.0247049594385222,0.0401374738139529,0.0223678495491431,0.0237799733508807,0.0298807557541216,0.0287119272097891,0.0145518762216963,0.0320786821164429
