"CPLE6","CYRE3","ECOR3","ELET6","ENBR3","GOAU4","MRFG3","MRVE3","TAEE11","USIM5"
0.0206518178699843,0.0297724529516589,0.0260501692124695,0.0265180244119751,0.0144259733658561,0.0243506819747808,0.0231468775763694,0.0259678771727035,0.0129486658868424,0.0314416762585123
