"CPLE6","CYRE3","ECOR3","ELET6","ENBR3","GOAU4","MRFG3","MRVE3","TAEE11","USIM5"
0.0184621974009145,0.0270502650497429,0.0237310245859,0.0223914480842194,0.0128518945817669,0.0229688616385976,0.0207029796684351,0.0236965687166726,0.0136536358654565,0.0298559157754298
