"CPLE6","CYRE3","ECOR3","ELET6","ENBR3","GOAU4","MRFG3","MRVE3","TAEE11","USIM5"
0.0334160174490131,0.0498150496057103,0.0435615665754381,0.0392787609749427,0.024880793532064,0.0426754081246434,0.044781532427192,0.0422040494742775,0.0152070167930318,0.0462585814989568
