"CPLE6","CYRE3","ECOR3","ELET6","ENBR3","GOAU4","MRFG3","MRVE3","TAEE11","USIM5"
0.0164099243284202,0.0293966645341379,0.024343360097674,0.0222494904067561,0.0121667054245285,0.021379887739146,0.0245889194820085,0.0276423941837743,0.011992659003482,0.0298639365316883
