"CPLE6","CYRE3","ECOR3","ELET6","ENBR3","GOAU4","MRFG3","MRVE3","TAEE11","USIM5"
0.0326164277253127,0.0485435748402207,0.0412002365413566,0.0382938063973973,0.0242054823200443,0.0418603588034542,0.0446122499936637,0.0423282522827728,0.0154825612886901,0.0451213477302649
