"CPLE6","CYRE3","ECOR3","ELET6","ENBR3","GOAU4","MRFG3","MRVE3","TAEE11","USIM5"
0.0200968109252165,0.0204171476124146,0.022701942610736,0.0410611732520022,0.0204704768535536,0.0262449874380288,0.027157139555154,0.0184586602924714,0.013460147770653,0.0337308158034581
