"CPLE6","CYRE3","ECOR3","ELET6","ENBR3","GOAU4","MRFG3","MRVE3","TAEE11","USIM5"
0.0212563922523663,0.0233032147267705,0.0249720758552134,0.0401956752490849,0.020483909075705,0.0253205697357973,0.0295142139742446,0.0211318178748611,0.013675746497624,0.0327698519524058
