"CPLE6","CYRE3","ECOR3","ELET6","ENBR3","GOAU4","MRFG3","MRVE3","TAEE11","USIM5"
0.0198079143261497,0.0189227535725691,0.0211070419538899,0.0380024817299233,0.0194599134641693,0.0254732378238839,0.0263578713546608,0.0173818970028544,0.0135805986624697,0.030662600469477
