"CPLE6","CYRE3","ECOR3","ELET6","ENBR3","GOAU4","MRFG3","MRVE3","TAEE11","USIM5"
0.0220170146408993,0.0208503255288449,0.0223734192201179,0.0365854948537474,0.0149082064170514,0.0301457995055878,0.0213720799186899,0.0181313430012884,0.0139991205624064,0.0330941362511434
