"CPLE6","CYRE3","ECOR3","ELET6","ENBR3","GOAU4","MRFG3","MRVE3","TAEE11","USIM5"
0.0328598205404329,0.0489774271501184,0.0417021056098827,0.039241990371314,0.0243431007862547,0.0420574613564939,0.0452055422182125,0.0425045104887213,0.015323281300748,0.0452792058090937
