"CPLE6","CYRE3","ECOR3","ELET6","ENBR3","GOAU4","MRFG3","MRVE3","TAEE11","USIM5"
0.0339484112566367,0.0504878624772842,0.0443219611749254,0.0403785345739777,0.0252662935340009,0.0428653121898568,0.0441199035275516,0.042106446193231,0.0155000714945347,0.046931332947948
