"CPLE6","CYRE3","ECOR3","ELET6","ENBR3","GOAU4","MRFG3","MRVE3","TAEE11","USIM5"
0.0222357605427788,0.0237307963817253,0.0246140714091538,0.0400657369188756,0.021623265396622,0.0238847923150235,0.0299588904058476,0.0284393887016155,0.0142211382493459,0.03170431402116
