"CPLE6","CYRE3","ECOR3","ELET6","ENBR3","GOAU4","MRFG3","MRVE3","TAEE11","USIM5"
0.0257503357554478,0.0239442385759899,0.0247524062495464,0.0346203212322956,0.015172072008926,0.0349897506772404,0.0222715968983658,0.0174560918294066,0.0157179164491541,0.0327919536665459
