"CPLE6","CYRE3","ECOR3","ELET6","ENBR3","GOAU4","MRFG3","MRVE3","TAEE11","USIM5"
0.0202155753815447,0.0216878901227388,0.0204652339138151,0.0257880686442814,0.01675208058695,0.0199240709546578,0.0261315743853822,0.0301407998160375,0.0125908334923192,0.0244509211458041
