"CPLE6","CYRE3","ECOR3","ELET6","ENBR3","GOAU4","MRFG3","MRVE3","TAEE11","USIM5"
0.0230169523430151,0.0219648692877872,0.0227811200716693,0.0359878679194297,0.014649175845099,0.0303079992563915,0.021424865952055,0.018359861817714,0.0144143757662452,0.0333029291532233
