"CPLE6","CYRE3","ECOR3","ELET6","ENBR3","GOAU4","MRFG3","MRVE3","TAEE11","USIM5"
0.0257819979932714,0.0249209832023187,0.0259690904906687,0.0289325527371947,0.0154802094914563,0.0386135773587806,0.0225281877620857,0.0178581900624167,0.0198160465761349,0.0419218921034751
