"CPLE6","CYRE3","ECOR3","ELET6","ENBR3","GOAU4","MRFG3","MRVE3","TAEE11","USIM5"
0.0226454321983206,0.0236962306474462,0.0258273357295631,0.0405088181967302,0.0211970468804142,0.0246883377478573,0.029398609741062,0.0281851973412796,0.0143381500376769,0.0320022809115332
