"CPLE6","CYRE3","ECOR3","ELET6","ENBR3","GOAU4","MRFG3","MRVE3","TAEE11","USIM5"
0.0226793149852846,0.0238693875050485,0.0247975125196955,0.0374019099969672,0.0180183856982051,0.0224387395152579,0.0265550009419727,0.0284986507401461,0.0138905963077697,0.0307188441059301
