"CPLE6","CYRE3","ECOR3","ELET6","ENBR3","GOAU4","MRFG3","MRVE3","TAEE11","USIM5"
0.0279290424890023,0.0264072519027032,0.0252817275212032,0.0259550386322541,0.0147586752441914,0.0456682048416892,0.0209227422063711,0.0181537918582415,0.0201005470174632,0.055594209467588
