"CPLE6","CYRE3","ECOR3","ELET6","ENBR3","GOAU4","MRFG3","MRVE3","TAEE11","USIM5"
0.0216859621308712,0.0337114576295282,0.0289581190173035,0.0275807721777103,0.0159117118051959,0.0268289034983645,0.0236263265416265,0.0287299878635074,0.0126873712193807,0.0336094680385165
