"CPLE6","CYRE3","ECOR3","ELET6","ENBR3","GOAU4","MRFG3","MRVE3","TAEE11","USIM5"
0.0163445015048711,0.0299158698042241,0.0244481339167763,0.0230536313987778,0.0125986819672751,0.0218529285278747,0.0245903245249321,0.027927704299032,0.0117717709845738,0.0297838735036369
