"CPLE6","CYRE3","ECOR3","ELET6","ENBR3","GOAU4","MRFG3","MRVE3","TAEE11","USIM5"
0.0218794875162339,0.0237810478924081,0.0231635627565405,0.0319878716513206,0.0176171597560275,0.0208810322449673,0.0255795851693312,0.0305316053187594,0.0133353596058372,0.0282808380784861
