"ABEV3","CSNA3","EGIE3","EQTL3","GGBR4","GOAU4","RADL3","RAIL3","UGPA3","USIM5"
0.0122325449689549,0.0518499380832222,0.0130500541649116,0.0142115429702231,0.0420269588965816,0.0488397263750693,0.0163616766760931,0.0429649202551625,0.0134300217334678,0.057632891584774
