"CPLE6","CYRE3","ECOR3","ELET6","ENBR3","GOAU4","MRFG3","MRVE3","TAEE11","USIM5"
0.0220055788669985,0.024205057395308,0.0222532306545458,0.0311421749960695,0.0174766508739306,0.0202207850946065,0.0258145271914516,0.0314758828192493,0.0133264296964647,0.02730715321432
