"CPLE6","CYRE3","ECOR3","ELET6","ENBR3","GOAU4","MRFG3","MRVE3","TAEE11","USIM5"
0.0249534666853885,0.024030471441092,0.025029547749762,0.0280502656540066,0.0154587596073891,0.0366973291038769,0.0218894830884226,0.0172324474094171,0.0178707741093535,0.0345175968325071
