"CPLE6","CYRE3","ECOR3","ELET6","ENBR3","GOAU4","MRFG3","MRVE3","TAEE11","USIM5"
0.0219199211633658,0.0237780172538716,0.025488999434304,0.0398685828899843,0.0211674040099065,0.0250751616285217,0.0290497866444738,0.0214665897884763,0.0139834952886612,0.0325584957315968
